{"input_shapes": [[70]], "input_data": [[0.06031881645321846, 0.0935359075665474, 0.07579582184553146, 0.08284860849380493, 0.03808585926890373, 0.057986319065093994, 0.0384189672768116, 0.005493646953254938, 0.038514334708452225, 0.06437647342681885, 0.0033909142948687077, 0.033425118774175644, 0.03387405350804329, 0.08298158645629883, 0.08839932084083557, 0.041343070566654205, 0.043199118226766586, 0.028606612235307693, 0.005941057112067938, 0.03108782134950161, 0.00932056363672018, 0.009982860647141933, 0.08898770064115524, 0.09442740678787231, 0.030115514993667603, 0.05580243468284607, 0.09783947467803955, 0.019688421860337257, 0.019916607066988945, 0.018276238813996315, 0.0034075439907610416, 0.06068425998091698, 0.07977067679166794, 0.02041688561439514, 0.06266354769468307, 0.01508137583732605, 0.062078844755887985, 0.055069126188755035, 0.01220486219972372, 0.034381069242954254, 0.06216808781027794, 0.0847262516617775, 0.018278276547789574, 0.07107771933078766, 0.09007181227207184, 0.021206064149737358, 0.07157643884420395, 0.08557118475437164, 0.07136662304401398, 0.09790467470884323, 0.03356802463531494, 0.048973292112350464, 0.013383793644607067, 0.08803088217973709, 0.05920718237757683, 0.002999222371727228, 0.04140082001686096, 0.05428379401564598, 0.053674351423978806, 0.04140773415565491, 0.023500090464949608, 0.008390533737838268, 0.052653562277555466, 0.09173378348350525, 0.08152491599321365, 0.0818895623087883, 0.09963256120681763, 0.013452726416289806, 0.08963491022586823, 0.06908152997493744]], "output_data": [[0.49053525924682617]]}