{"input_shapes": [[70]], "input_data": [[0.01566265895962715, 0.006619942374527454, 0.0852275937795639, 0.020515484735369682, 0.031226957216858864, 0.05842159315943718, 0.04667333513498306, 0.08520276099443436, 0.007092577405273914, 0.04782525449991226, 0.09763262420892715, 0.08766523748636246, 0.06453688442707062, 0.09551312029361725, 0.06736933439970016, 0.07166346907615662, 0.08428331464529037, 0.036102838814258575, 0.07174114882946014, 0.0951305404305458, 0.07955687493085861, 0.0017054915660992265, 0.03810097649693489, 0.04563268646597862, 0.06569897383451462, 0.09856532514095306, 0.023399829864501953, 0.08818618953227997, 0.06311666965484619, 0.09658484905958176, 0.07807369530200958, 0.06410949677228928, 0.05816158652305603, 0.08552085608243942, 0.05169215798377991, 0.03383434936404228, 0.00018960237503051758, 0.07220186293125153, 0.03786999732255936, 0.08148729801177979, 0.06626025587320328, 0.0847998782992363, 0.09490195661783218, 0.09896666556596756, 0.07774179428815842, 0.04919750615954399, 0.04213760048151016, 0.028372103348374367, 0.042530130594968796, 0.03816419839859009, 0.041331686079502106, 0.08707693964242935, 0.008401215076446533, 0.034775491803884506, 0.021112238988280296, 0.09204720705747604, 0.02461307682096958, 0.03879863768815994, 0.04251325875520706, 0.033923156559467316, 0.05493675544857979, 0.012278014793992043, 0.054877955466508865, 0.013431387953460217, 0.08677533268928528, 0.09633361548185349, 0.020767290145158768, 0.05008220672607422, 0.07731994241476059, 0.039974600076675415]], "output_data": [[6.437822984025645e-37]]}