{"input_shapes": [70], "input_data": [[0.0006595572922378778, 0.00024179798492696136, 0.06675589829683304, 0.2627499997615814, 0.028582492843270302, 0.286660760641098, 0.0006111454567871988, 0.14657378196716309, 0.28050661087036133, 0.028018668293952942, 0.0004991055466234684, 0.41293835639953613, 0.286660760641098, 0.14657378196716309, 0.0005875416682101786, 0.0002364394604228437, 0.05695188418030739, 0.290817528963089, 0.011034085415303707, 0.3189708888530731, 0.0005440942477434874, 0.1465241014957428, 0.06377078592777252, 0.010417979210615158, 0.0006367544992826879, 0.41916656494140625, 0.3189708888530731, 0.1465241014957428, 2.8861270038760267e-05, 0.00023342685017269105, 0.048361048102378845, 0.32459333539009094, 0.017552614212036133, 0.3777400851249695, 3.0286848414107226e-05, 0.18983794748783112, 0.039465583860874176, 0.008027108386158943, 3.229032154195011e-05, 0.43276888132095337, 0.3777400851249695, 0.18983794748783112, 9.07497997104656e-06, 0.00028813417884521186, 0.026690775528550148, 0.2756500244140625, 0.008042918518185616, 0.3635420501232147, 1.3181419490138069e-05, 0.13371142745018005, 0.014363882131874561, 0.0041641308926045895, 1.3860920262231957e-05, 0.38834989070892334, 0.3673419654369354, 0.13371142745018005, 7.0547494033235125e-06, 0.00022333858942147344, 0.0160763468593359, 0.31203022599220276, 0.010789833031594753, 0.33183303475379944, 4.400912530400092e-06, 0.1213281899690628, 0.01889933831989765, 0.0074152215383946896, 5.890909960726276e-06, 0.3122866749763489, 0.33183303475379944, 0.1213281899690628]], "output_data": [[0.5113323926925659]]}